{
  "test": "accuracy_medium_default",
  "seed": 42,
  "max_abs": 6.661338147750939e-15,
  "max_rel": 4.669293603274781e-12,
  "rmse": 1.6477068513871112e-15,
  "p99_abs": 5.10702591327572e-15,
  "shape_match": true,
  "pass": true
}